date,bedrooms,bathrooms,sqft_living,sqft_lot,floors,waterfront,view,condition,sqft_above,sqft_basement,yr_built,yr_renovated,street,city,statezip,country
2014-06-26 00:00:00,3.0,2.0,1700,11475,1.0,0,0,5,970,730,1945,0,238 SW 132nd St,Burien,WA 98146,USA
2014-07-08 00:00:00,3.0,2.0,1550,6039,1.0,0,0,5,830,720,1942,0,6537 36th Ave SW,Seattle,WA 98126,USA
2014-07-03 00:00:00,3.0,1.0,1390,4814,1.5,0,0,3,1390,0,1908,1988,8116 8th Ave NE,Seattle,WA 98115,USA
2014-05-16 00:00:00,5.0,2.75,2830,5310,2.0,0,0,3,2830,0,2006,0,11931 179th Pl NE,Redmond,WA 98052,USA
2014-06-26 00:00:00,3.0,2.0,1470,20000,1.0,0,0,4,1470,0,1968,0,19627 SE Auburn-Black Diamond Rd,Auburn,WA 98092,USA
2014-06-24 00:00:00,4.0,1.75,1540,5120,1.0,0,0,5,770,770,1943,0,7350 31st Ave SW,Seattle,WA 98126,USA
2014-05-10 00:00:00,4.0,1.0,1940,9533,1.0,0,0,3,1080,860,1962,2003,9908 S 210th Pl,Kent,WA 98031,USA
2014-05-21 00:00:00,3.0,2.5,2420,49928,2.0,0,0,3,1860,560,1985,0,24998 SE 155th Pl,Issaquah,WA 98027,USA
2014-05-05 00:00:00,5.0,1.0,1120,9022,1.5,0,0,4,1120,0,1962,0,14150 75th Ave NE,Kirkland,WA 98034,USA
2014-06-16 00:00:00,4.0,2.5,2650,5600,2.0,0,0,3,2650,0,2014,0,13516 164th Ave SE,Renton,WA 98059,USA
2014-05-11 00:00:00,4.0,2.5,2160,5298,2.5,0,0,4,2160,0,1902,0,906 17th Ave,Seattle,WA 98122,USA
2014-05-23 00:00:00,4.0,2.5,2560,36601,2.0,0,0,4,2560,0,1987,0,26007 SE 27th St,Sammamish,WA 98075,USA
2014-05-07 00:00:00,4.0,2.0,2210,8556,1.0,0,1,4,1210,1000,1954,1979,3235 30th Ave W,Seattle,WA 98199,USA
2014-05-31 00:00:00,3.0,2.5,2460,12028,2.0,0,0,3,2460,0,1996,0,Valley View Trail,Redmond,WA 98052,USA
2014-05-20 00:00:00,4.0,2.5,2800,8494,2.0,0,0,3,2800,0,2004,2003,24957 SE 279th St,Maple Valley,WA 98038,USA
2014-06-25 00:00:00,2.0,1.0,1060,3036,1.5,0,0,4,1060,0,1943,0,4202 4th Ave NE,Seattle,WA 98105,USA
2014-06-19 00:00:00,4.0,2.75,3010,15992,2.0,0,0,3,3010,0,1996,0,25916 SE 22nd Pl,Sammamish,WA 98075,USA
2014-07-02 00:00:00,5.0,6.25,8020,21738,2.0,0,0,3,8020,0,2001,0,2 Crescent Key,Bellevue,WA 98006,USA
2014-06-20 00:00:00,3.0,2.0,1510,7884,1.0,0,0,3,1510,0,1942,2014,1015 SW 150th St,Burien,WA 98166,USA
2014-06-25 00:00:00,3.0,2.0,2110,18815,2.0,0,0,5,2110,0,1979,0,2942 222nd Pl SE,Sammamish,WA 98075,USA
2014-06-17 00:00:00,3.0,2.5,1180,1262,3.0,0,0,3,1180,0,2010,0,2050 14th Ave W,Seattle,WA 98119,USA
2014-05-07 00:00:00,3.0,2.5,1600,3573,2.0,0,0,3,1600,0,2013,1923,2821 NE 16th St,Renton,WA 98056,USA
2014-06-23 00:00:00,2.0,1.5,940,1768,2.0,0,0,3,940,0,2009,0,1124 29th Ave S,Seattle,WA 98144,USA
2014-07-02 00:00:00,5.0,2.25,2570,13054,1.0,0,1,3,1470,1100,1950,1992,1316 SW 172nd St,Normandy Park,WA 98166,USA
2014-06-06 00:00:00,3.0,1.75,1910,12596,1.0,0,0,3,1340,570,1977,2004,15505 180 Ave NE,Woodinville,WA 98072,USA
2014-06-06 00:00:00,3.0,1.75,1370,9900,1.0,0,0,4,1370,0,1983,0,99 17th Ave,Milton,WA 98354,USA
2014-05-29 00:00:00,2.0,1.0,1110,26051,1.0,0,0,3,1110,0,1951,1994,3218 S 148th St,SeaTac,WA 98168,USA
2014-06-17 00:00:00,3.0,2.0,1730,9000,1.0,0,0,3,1370,360,1978,0,975-1005 Greenwood Blvd SW,Issaquah,WA 98027,USA
2014-05-05 00:00:00,2.0,1.0,810,7158,1.0,0,0,5,810,0,1944,0,12807 7th Ave S,Burien,WA 98168,USA
2014-07-08 00:00:00,3.0,2.0,960,9380,1.0,0,0,3,960,0,1949,1998,13045 6th Pl SW,Seattle,WA 98146,USA
2014-06-26 00:00:00,3.0,1.5,2380,14500,1.0,0,0,4,1850,530,1961,2001,6340 NE 196th St,Kenmore,WA 98028,USA
2014-07-06 00:00:00,2.0,1.75,1990,4000,1.0,0,0,5,1090,900,1952,1998,8215 Stone Ave N,Seattle,WA 98103,USA
2014-05-22 00:00:00,4.0,2.75,2410,6000,1.0,0,0,5,1410,1000,1950,0,3210 NW 58th St,Seattle,WA 98107,USA
2014-06-23 00:00:00,3.0,1.75,1230,9600,1.0,0,0,4,1230,0,1984,0,26119 185th Pl SE,Covington,WA 98042,USA
2014-05-13 00:00:00,7.0,4.0,3440,8100,2.0,0,0,3,3440,0,1970,2014,718 N 95th St,Seattle,WA 98103,USA
2014-05-13 00:00:00,3.0,1.75,1090,7200,1.0,0,0,3,1090,0,1968,1997,12033 NE 136th Pl,Kirkland,WA 98034,USA
2014-06-09 00:00:00,2.0,1.0,1200,9000,1.0,0,2,5,1200,0,1917,0,22018 8th Pl S,Des Moines,WA 98198,USA
2014-05-12 00:00:00,4.0,2.5,2780,6369,1.0,0,0,3,1590,1190,1978,0,9311 NE 142nd St,Kirkland,WA 98034,USA
2014-06-18 00:00:00,4.0,2.5,3640,10576,2.0,0,0,3,3640,0,1999,0,26966 SE 22nd Way,Sammamish,WA 98075,USA
2014-06-11 00:00:00,4.0,2.5,3170,10688,2.0,0,2,3,3170,0,2001,0,1118 U St NW,Auburn,WA 98001,USA
2014-06-19 00:00:00,4.0,1.5,1220,9600,1.0,0,0,3,1220,0,1980,0,4201 Regal St,Carnation,WA 98014,USA
2014-05-27 00:00:00,3.0,2.5,1658,2700,2.0,0,0,3,1658,0,2014,0,2150 S 262nd Ct,Des Moines,WA 98198,USA
2014-05-16 00:00:00,3.0,2.25,1410,1377,2.0,0,0,3,1290,120,2005,0,2012 NW Boulder Way Dr,Issaquah,WA 98027,USA
2014-05-23 00:00:00,1.0,0.75,820,59677,1.0,0,0,3,820,0,1999,0,7608 N Fork Rd SE,Snoqualmie,WA 98065,USA
2014-05-07 00:00:00,2.0,2.0,1350,3900,1.0,0,0,3,1350,0,2003,0,232nd Way,Redmond,WA 98053,USA
2014-05-26 00:00:00,3.0,2.0,2130,35169,1.0,0,0,4,2130,0,1989,0,16704 162nd Ave NE,Woodinville,WA 98072,USA
2014-05-16 00:00:00,3.0,2.25,1440,7673,1.0,0,0,3,940,500,1982,0,22119 123rd Ave SE,Kent,WA 98031,USA
2014-05-18 00:00:00,3.0,2.5,2130,3500,1.0,0,0,4,1210,920,1994,0,13440 NE 148th St,Woodinville,WA 98072,USA
2014-06-23 00:00:00,3.0,1.75,1580,8820,1.0,0,0,4,1580,0,1967,0,31711 7th Pl S,Federal Way,WA 98003,USA
2014-05-31 00:00:00,3.0,2.5,1960,3480,2.0,0,0,3,1960,0,2004,2003,2826 Access Rd,Renton,WA 98056,USA
2014-05-28 00:00:00,4.0,2.5,2360,4367,2.0,0,0,3,2360,0,2003,0,12977 NE 201st St,Woodinville,WA 98072,USA
2014-06-23 00:00:00,3.0,2.5,2430,15264,2.0,0,0,3,2430,0,1997,0,9226 S 247th Pl,Kent,WA 98030,USA
2014-06-20 00:00:00,4.0,1.75,2050,10920,1.0,0,3,3,1450,600,1974,0,3860 NE 157th Pl,Lake Forest Park,WA 98155,USA
2014-05-07 00:00:00,2.0,1.0,760,3001,1.0,0,0,3,760,0,1913,1983,1761 17th Ave S,Seattle,WA 98144,USA
2014-06-02 00:00:00,3.0,2.25,2610,9002,2.0,0,0,3,2610,0,1988,2000,10090 177th Ave NE,Redmond,WA 98052,USA
2014-05-23 00:00:00,4.0,4.0,2290,6250,1.5,0,0,5,1690,600,1940,0,2319 41st Ave SW,Seattle,WA 98116,USA
2014-05-05 00:00:00,5.0,3.5,4490,6000,2.0,0,0,3,3200,1290,2006,0,792 Summerhill Ridge Dr NW,Issaquah,WA 98027,USA
2014-05-05 00:00:00,3.0,1.0,1330,77972,1.0,0,0,3,1330,0,1928,1954,13615 NE 100th St,Kirkland,WA 98033,USA
2014-06-20 00:00:00,1.0,0.75,380,15000,1.0,0,0,3,380,0,1963,2008,13602 8th Ave S,Burien,WA 98168,USA
2014-06-11 00:00:00,3.0,2.0,1640,7201,1.0,0,0,3,1640,0,1948,1994,12711 37th Ave NE,Seattle,WA 98125,USA
2014-06-05 00:00:00,3.0,1.0,1430,3840,1.0,0,0,3,950,480,1945,2010,7550 19th Ave NW,Seattle,WA 98117,USA
2014-06-26 00:00:00,3.0,1.5,1660,15600,2.0,0,0,3,1660,0,1981,2013,38205 45th Ave S,Auburn,WA 98001,USA
2014-05-20 00:00:00,4.0,2.5,1860,6687,1.0,0,0,4,1220,640,1983,0,22027 117th Ave SE,Kent,WA 98031,USA
2014-05-08 00:00:00,2.0,1.0,1060,4960,1.0,0,0,3,1060,0,1926,2003,8230 Corliss Ave N,Seattle,WA 98103,USA
2014-05-09 00:00:00,4.0,3.25,3540,159430,2.0,0,0,3,3540,0,2007,0,33001 NE 24th St,Carnation,WA 98014,USA
2014-07-09 00:00:00,4.0,2.5,1660,8063,1.0,0,0,4,1660,0,1978,2000,25139 11th Ave S,Des Moines,WA 98198,USA
2014-06-02 00:00:00,4.0,2.5,1920,8497,2.0,0,0,3,1920,0,1998,2006,5307-5311 Quincy Ave SE,Auburn,WA 98092,USA
2014-05-04 00:00:00,3.0,2.5,2200,7350,1.0,0,0,5,1570,630,1988,0,13420 SE 182nd St,Renton,WA 98058,USA
2014-06-04 00:00:00,2.0,1.75,1500,6800,1.0,0,0,4,910,590,1942,1982,9702 12th Ave NW,Seattle,WA 98117,USA
2014-06-26 00:00:00,4.0,3.5,3990,5267,2.0,0,0,3,3990,0,2008,0,16141 SE 45th Pl,Bellevue,WA 98006,USA
2014-05-02 00:00:00,3.0,1.5,1340,7912,1.5,0,0,3,1340,0,1955,2005,18810 Densmore Ave N,Shoreline,WA 98133,USA
2014-06-18 00:00:00,3.0,2.5,2420,43177,2.0,0,4,4,1690,730,1989,0,4280 E Lake Sammamish Pkwy SE,Sammamish,WA 98075,USA
2014-06-26 00:00:00,3.0,3.25,3740,136915,2.5,0,0,3,3100,640,1990,2009,16469 Marine View Dr SW,Burien,WA 98166,USA
2014-07-08 00:00:00,4.0,3.75,4740,126759,2.0,0,0,4,4740,0,1991,0,27125-27131 SE 175th Pl,Issaquah,WA 98027,USA
2014-07-01 00:00:00,3.0,1.0,1090,10710,1.0,0,0,4,1090,0,1962,0,1048 Redmond Ave NE,Renton,WA 98056,USA
2014-05-27 00:00:00,3.0,2.5,2330,1987,2.0,0,4,3,1410,920,2004,2003,6123 37th Ave NW,Seattle,WA 98107,USA
2014-05-07 00:00:00,4.0,2.0,2510,13695,1.0,0,0,4,1280,1230,1961,2001,11105 126th Ave NE,Kirkland,WA 98033,USA
2014-05-14 00:00:00,3.0,1.75,1340,7473,1.0,0,0,4,1340,0,1973,0,16 R Pl NE,Auburn,WA 98002,USA
2014-06-10 00:00:00,5.0,2.25,1970,15247,1.0,0,0,3,1450,520,1986,0,4309 327th Pl SE,Fall City,WA 98024,USA
2014-06-13 00:00:00,4.0,3.0,2440,9600,2.0,0,0,5,2440,0,1961,0,11611 106th Ave NE,Kirkland,WA 98034,USA
2014-06-28 00:00:00,2.0,1.75,1910,3376,2.0,0,0,3,1910,0,1980,0,213th Ave SE,Maple Valley,WA 98038,USA
2014-05-05 00:00:00,5.0,2.75,2740,8426,1.0,0,0,4,1370,1370,1960,2001,5211 116th Pl SE,Bellevue,WA 98006,USA
2014-07-02 00:00:00,3.0,2.0,1110,7231,1.0,0,0,4,1110,0,1991,0,22124 112th Pl SE,Kent,WA 98031,USA
2014-05-29 00:00:00,4.0,2.0,2240,7725,1.0,0,0,5,1120,1120,1956,0,2503 SW Portland Ct,Seattle,WA 98106,USA
2014-06-03 00:00:00,3.0,3.0,2080,10521,1.5,0,0,3,2080,0,2004,2003,8359 NE Juanita Dr,Kirkland,WA 98034,USA
2014-06-19 00:00:00,3.0,2.0,1790,42399,1.0,0,0,4,1790,0,1990,0,15611 SE 322nd Pl,Auburn,WA 98092,USA
2014-07-10 00:00:00,2.0,2.5,2410,102366,1.0,0,0,4,1940,470,1912,1989,31600-31726 SE Issaquah-Fall City Rd,Fall City,WA 98024,USA
2014-05-14 00:00:00,5.0,3.0,2257,10117,1.0,0,0,3,1363,894,2005,0,3755 S 168th St,SeaTac,WA 98188,USA
2014-05-13 00:00:00,6.0,3.0,2890,2370,2.5,0,0,3,2290,600,1906,2014,420 Boylston Ave E,Seattle,WA 98102,USA
2014-06-23 00:00:00,3.0,1.75,1840,8086,1.0,0,0,4,1840,0,1964,0,13820 NE 72nd Pl,Redmond,WA 98052,USA
2014-06-10 00:00:00,3.0,1.75,2290,14800,1.0,0,0,3,1620,670,1965,1993,5319 NE 201st Pl,Lake Forest Park,WA 98155,USA
2014-07-01 00:00:00,4.0,2.5,2600,7200,2.0,0,0,3,2600,0,1962,2002,9041 49th Ave NE,Seattle,WA 98115,USA
2014-05-22 00:00:00,4.0,2.75,2080,4000,1.5,0,0,3,2080,0,1912,2000,6042 Sycamore Ave NW,Seattle,WA 98107,USA
2014-05-22 00:00:00,4.0,2.5,3030,12590,1.5,0,0,4,3030,0,1988,0,3255 111th Ave SE,Bellevue,WA 98004,USA
2014-06-24 00:00:00,3.0,2.0,2540,4750,1.5,0,0,5,1840,700,1930,0,7524 34th Ave NW,Seattle,WA 98117,USA
2014-06-05 00:00:00,4.0,2.25,2210,7665,2.0,0,0,4,2210,0,1968,0,12807 SE 67th St,Bellevue,WA 98006,USA
2014-06-05 00:00:00,4.0,1.75,2000,6032,1.0,0,2,3,1300,700,1959,1989,4404 SW 101st St,Seattle,WA 98146,USA
2014-06-24 00:00:00,3.0,2.5,2070,4132,2.0,0,0,3,2070,0,1999,0,463 243rd Pl SE,Sammamish,WA 98074,USA
2014-05-05 00:00:00,4.0,1.75,2010,3600,1.5,0,0,3,2010,0,1902,0,1014 W Garfield St,Seattle,WA 98119,USA
2014-06-02 00:00:00,3.0,2.25,1410,1290,2.0,0,0,3,1290,120,2004,2003,2134 NW Boulder Way Dr,Issaquah,WA 98027,USA
2014-06-26 00:00:00,5.0,3.0,4480,5000,2.5,0,0,5,3420,1060,1902,0,923 14th Ave E,Seattle,WA 98112,USA
2014-05-21 00:00:00,1.0,1.0,960,40946,1.0,0,0,5,960,0,1945,0,10815 E Lake Joy Dr NE,Carnation,WA 98014,USA
2014-06-24 00:00:00,4.0,3.25,3090,9571,2.0,0,0,3,2370,720,2004,2003,11719 157th Ave NE,Redmond,WA 98052,USA
2014-06-27 00:00:00,6.0,4.0,3120,4240,2.0,0,2,4,2090,1030,1993,0,7945 14th Ave SW,Seattle,WA 98106,USA
2014-05-28 00:00:00,2.0,1.0,1320,8865,1.0,0,0,4,1320,0,1943,0,2496-2598 S 121st St,Burien,WA 98168,USA
2014-06-10 00:00:00,4.0,1.0,1150,8184,1.5,0,0,3,1150,0,1947,2012,15562 9th Ave NE,Shoreline,WA 98155,USA
2014-05-30 00:00:00,2.0,1.0,1000,4776,1.0,0,0,4,1000,0,1942,1982,4557 14th Ave S,Seattle,WA 98108,USA
2014-05-05 00:00:00,4.0,2.5,2910,6479,2.0,0,0,3,2910,0,2006,0,34010 SE Sorenson St,Snoqualmie,WA 98065,USA
2014-07-09 00:00:00,3.0,1.0,1200,7800,1.0,0,0,4,1200,0,1954,1979,9246 30th Ave SW,Seattle,WA 98126,USA
2014-06-03 00:00:00,3.0,2.5,1970,4036,2.0,0,0,4,1970,0,2003,0,35317 SE Ridge St,Snoqualmie,WA 98065,USA
2014-05-28 00:00:00,2.0,1.0,1080,4000,1.0,0,0,3,1080,0,1940,1996,8351 Jones Ave NW,Seattle,WA 98117,USA
2014-07-09 00:00:00,5.0,2.75,2550,7725,1.0,0,0,5,1390,1160,1967,0,12570 SE 72nd St,Newcastle,WA 98056,USA
2014-06-04 00:00:00,4.0,2.0,2120,8701,1.5,0,0,4,2120,0,1960,2001,2006 S 257th St,Des Moines,WA 98198,USA
2014-06-19 00:00:00,4.0,2.5,3280,209088,2.0,0,0,3,3280,0,1994,0,5310 236th Ave NE,Redmond,WA 98053,USA
2014-06-05 00:00:00,3.0,1.75,2340,4206,1.0,0,0,5,1170,1170,1917,0,2955 36th Ave S,Seattle,WA 98144,USA
2014-05-16 00:00:00,2.0,1.0,870,6150,1.0,0,0,3,870,0,1941,1994,8627 9th Ave SW,Seattle,WA 98106,USA
2014-05-20 00:00:00,5.0,3.5,4460,2975,3.0,0,2,3,3280,1180,2013,1923,1400 10th Ave W,Seattle,WA 98119,USA
2014-05-07 00:00:00,2.0,1.0,820,2723,1.0,0,0,3,820,0,1921,2000,4602 Woodlawn Ave N,Seattle,WA 98103,USA
2014-06-25 00:00:00,3.0,2.5,1620,7686,2.0,0,0,3,1620,0,1989,0,21635 SE 268th St,Maple Valley,WA 98038,USA
2014-07-08 00:00:00,4.0,2.5,2560,4020,2.0,0,0,3,2560,0,2006,0,27645 236th Ct SE,Maple Valley,WA 98038,USA
2014-05-15 00:00:00,4.0,2.5,3950,10856,3.0,0,0,3,3950,0,2013,1923,25707 SE 30th St,Sammamish,WA 98075,USA
2014-06-03 00:00:00,2.0,1.0,1170,10621,1.0,0,0,3,1170,0,1963,2008,507 Janet Ave NE,North Bend,WA 98045,USA
2014-06-02 00:00:00,3.0,2.5,2680,7836,2.0,0,0,3,2680,0,1990,2009,31456 117th Pl SE,Auburn,WA 98092,USA
2014-05-23 00:00:00,4.0,3.0,3680,5854,1.0,0,3,3,2060,1620,1967,2011,1414 Magnolia Blvd W,Seattle,WA 98199,USA
2014-06-13 00:00:00,4.0,2.5,2220,5338,2.0,0,0,3,2220,0,2001,0,5127 NE 4th Pl,Renton,WA 98059,USA
2014-06-19 00:00:00,6.0,2.0,1670,3000,1.0,0,0,5,900,770,1911,1984,4718 11th Ave NE,Seattle,WA 98105,USA
2014-06-13 00:00:00,3.0,2.5,2860,4442,2.0,0,0,3,2860,0,2000,0,4432 30th Ave W,Seattle,WA 98199,USA
2014-05-06 00:00:00,3.0,1.5,800,8850,1.0,0,0,4,800,0,1959,0,1003 SW 307th St,Federal Way,WA 98023,USA
2014-07-02 00:00:00,3.0,2.5,2242,4500,2.0,0,0,3,2242,0,2014,0,Bennett Ave SE,Auburn,WA 98092,USA
2014-05-30 00:00:00,3.0,2.25,1590,11745,1.0,0,0,3,1090,500,1978,0,27523-27527 43rd Ave S,Auburn,WA 98001,USA
2014-05-09 00:00:00,3.0,2.5,2030,6970,2.0,0,0,4,2030,0,1991,0,3913 255th Pl SE,Issaquah,WA 98029,USA
2014-06-23 00:00:00,2.0,1.0,880,6413,1.0,0,0,3,880,0,1950,2005,3429 49th Ave SW,Seattle,WA 98116,USA
2014-06-24 00:00:00,5.0,2.75,3831,13800,2.0,1,4,3,3831,0,1959,1980,6208 SE 22nd St,Mercer Island,WA 98040,USA
2014-05-28 00:00:00,3.0,2.0,1300,3731,1.0,0,0,3,900,400,1993,0,7250 Rainier Ave S,Seattle,WA 98118,USA
2014-06-04 00:00:00,3.0,3.25,4720,32467,2.0,0,2,3,3190,1530,1998,2006,10510 172nd Ct SE,Renton,WA 98059,USA
2014-05-23 00:00:00,3.0,1.0,1700,8645,1.0,0,0,3,1700,0,1955,2005,12701 2nd Ave SW,Seattle,WA 98146,USA
2014-06-20 00:00:00,4.0,2.25,2450,21000,1.0,0,2,4,1650,800,1954,1979,16406 8th Ave SW,Burien,WA 98166,USA
2014-05-28 00:00:00,2.0,3.25,1400,1243,3.0,0,0,3,1400,0,2000,0,3648 Francis Ave N,Seattle,WA 98103,USA
2014-07-09 00:00:00,4.0,1.5,1840,11367,1.5,0,0,4,1840,0,1950,1983,18820 1st Ave NW,Shoreline,WA 98177,USA
2014-05-09 00:00:00,4.0,2.25,2430,32496,1.0,0,0,3,2430,0,1993,0,18616 215th Way NE,Woodinville,WA 98077,USA
2014-06-23 00:00:00,5.0,3.25,2910,5027,2.0,0,0,3,2040,870,2013,1923,1920C SW Brandon St,Seattle,WA 98106,USA
2014-05-02 00:00:00,3.0,2.5,1930,10460,2.0,0,0,3,1930,0,1996,0,4314 NE 6th Pl,Renton,WA 98059,USA
2014-05-20 00:00:00,4.0,3.0,2800,9764,2.0,0,0,3,2800,0,2002,0,24729 SE 276th Pl,Maple Valley,WA 98038,USA
2014-05-28 00:00:00,3.0,1.75,1400,4000,1.0,0,0,3,870,530,1951,1994,8520 19th Ave NW,Seattle,WA 98117,USA
2014-05-27 00:00:00,3.0,2.5,1440,7741,1.0,0,0,4,1000,440,1983,0,11009 SE 220th Pl,Kent,WA 98031,USA
2014-05-09 00:00:00,4.0,2.5,1930,9653,1.0,0,0,4,1930,0,1968,0,29612 2nd Ave SW,Federal Way,WA 98023,USA
2014-05-08 00:00:00,3.0,1.75,1460,7700,1.0,0,0,3,1460,0,1979,2014,15917 NE 109th Way,Redmond,WA 98052,USA
2014-06-10 00:00:00,4.0,2.0,1630,10375,1.0,0,0,5,1630,0,1968,0,17602 197th Pl NE,Woodinville,WA 98077,USA
2014-05-16 00:00:00,2.0,1.0,910,3600,1.0,0,0,4,910,0,1909,1989,1617-1621 3rd Ave W,Seattle,WA 98119,USA
2014-07-02 00:00:00,3.0,2.5,2490,23891,2.0,0,0,3,2490,0,1993,0,23203 NE 78th Way,Redmond,WA 98053,USA
2014-06-13 00:00:00,3.0,1.0,1280,8184,1.5,0,0,4,1280,0,1947,1988,16225 10th Ave NE,Shoreline,WA 98155,USA
2014-06-11 00:00:00,2.0,1.5,1295,1093,2.0,0,0,3,1105,190,2007,0,2514 E Denny Way,Seattle,WA 98122,USA
2014-05-27 00:00:00,3.0,1.75,1840,4030,1.0,0,0,5,1050,790,1925,0,1626 S Bennett St,Seattle,WA 98108,USA
2014-06-24 00:00:00,3.0,1.0,880,18205,1.0,0,0,4,880,0,1945,0,11257 Crestwood Dr S,Seattle,WA 98178,USA
2014-07-04 00:00:00,3.0,2.5,2320,7609,2.0,0,0,3,2320,0,2003,0,769-821 Big Tree Dr NW,Issaquah,WA 98027,USA
2014-06-03 00:00:00,3.0,2.25,1870,9000,1.0,0,0,3,1440,430,1978,0,10559 NE 150th Ct,Bothell,WA 98011,USA
2014-07-08 00:00:00,2.0,2.5,2290,3507,2.0,0,0,3,2290,0,2005,0,2598 NE Natalie Way,Issaquah,WA 98029,USA
2014-07-01 00:00:00,3.0,1.0,1200,8514,1.0,0,0,3,1200,0,1959,1989,1419 Farrelly St,Enumclaw,WA 98022,USA
2014-07-02 00:00:00,3.0,2.25,1320,1800,2.0,0,0,3,1320,0,1994,0,3404 E Cherry St,Seattle,WA 98122,USA
2014-06-25 00:00:00,4.0,2.75,1910,16532,1.0,0,0,4,1420,490,1940,2001,9025 26th Ave NW,Seattle,WA 98117,USA
2014-06-13 00:00:00,3.0,2.25,1920,4833,1.0,0,0,4,1060,860,1921,0,10559 Evanston Ave N,Seattle,WA 98133,USA
2014-06-30 00:00:00,4.0,3.0,3720,15048,3.0,0,0,3,3720,0,1979,2014,10218 147th Ave SE,Renton,WA 98059,USA
2014-05-16 00:00:00,2.0,1.0,1010,5200,1.0,0,0,3,1010,0,1955,2005,20721 9th Ave S,Des Moines,WA 98198,USA
2014-07-05 00:00:00,3.0,2.5,1540,1326,3.0,0,0,3,1390,150,1995,0,2841 13th Ave W,Seattle,WA 98119,USA
2014-06-18 00:00:00,4.0,2.0,1970,10500,1.0,0,0,3,1820,150,1961,2004,13666 17th Ave SW,Burien,WA 98166,USA
2014-06-04 00:00:00,4.0,2.5,3290,6203,2.0,0,0,3,3290,0,2008,0,36011 SE Kendall Peak St,Snoqualmie,WA 98065,USA
2014-06-05 00:00:00,4.0,2.5,2260,3713,2.0,0,0,3,2260,0,2003,0,13135 NE 139th St,Kirkland,WA 98034,USA
2014-06-18 00:00:00,4.0,4.25,4850,12445,2.0,1,4,5,3850,1000,1989,0,11031 Champagne Point Rd NE,Kirkland,WA 98034,USA
2014-06-09 00:00:00,4.0,2.5,2030,3905,1.5,0,0,4,1630,400,1926,1993,3912 Ashworth Ave N,Seattle,WA 98103,USA
2014-05-02 00:00:00,3.0,1.75,1800,23103,1.0,0,0,3,1800,0,1968,1997,32418 NE 50th St,Carnation,WA 98014,USA
2014-06-23 00:00:00,4.0,2.0,1730,3884,1.0,0,0,5,1060,670,1924,1956,720 N 46th St,Seattle,WA 98103,USA
2014-06-16 00:00:00,3.0,1.75,1150,9600,1.0,0,0,3,1150,0,1979,2014,42511 SE 175th Pl,North Bend,WA 98045,USA
2014-06-17 00:00:00,4.0,2.0,1610,9600,1.0,0,0,5,1610,0,1967,0,7815 116th Ave SE,Newcastle,WA 98056,USA
2014-06-26 00:00:00,4.0,3.0,1930,3031,1.0,0,0,3,1200,730,2006,0,26418 NE Anderson St,Duvall,WA 98019,USA
2014-06-23 00:00:00,4.0,3.5,2960,6000,2.0,0,0,3,2960,0,2014,0,34115 SE Ash St,Snoqualmie,WA 98065,USA
2014-06-19 00:00:00,4.0,2.5,2496,8058,2.0,0,0,3,2496,0,1998,2006,8517 143rd Ct NE,Redmond,WA 98052,USA
2014-06-03 00:00:00,4.0,2.5,2961,12146,2.0,0,0,3,2961,0,1998,2006,21548 SE 28th Ln,Sammamish,WA 98075,USA
2014-06-02 00:00:00,3.0,1.5,1790,8203,1.5,0,1,3,1790,0,1910,2006,Schmitz Park to Alki Trail,Seattle,WA 98116,USA
2014-05-29 00:00:00,5.0,1.75,1880,10000,1.0,0,0,3,960,920,1963,2008,10414 NE 131st St,Kirkland,WA 98034,USA
2014-07-08 00:00:00,4.0,2.75,3090,5859,2.0,0,0,3,3090,0,2010,0,384 218th Pl SE,Sammamish,WA 98074,USA
2014-07-09 00:00:00,3.0,2.25,1920,8223,2.0,0,0,4,1920,0,1989,0,14808 104th Ave NE,Bothell,WA 98011,USA
2014-05-30 00:00:00,3.0,2.5,2780,11964,2.0,0,0,3,2780,0,2009,0,12449 94th Ave NE,Kirkland,WA 98034,USA
2014-05-22 00:00:00,4.0,2.0,1640,5000,2.0,0,0,3,1640,0,1907,1983,639 NW 52nd St,Seattle,WA 98107,USA
2014-05-27 00:00:00,3.0,1.5,2000,7294,1.0,0,0,3,1520,480,1965,1993,5230 S Rose St,Seattle,WA 98118,USA
2014-05-29 00:00:00,4.0,1.0,1600,4300,1.5,0,0,4,1600,0,1916,0,1215 N 50th St,Seattle,WA 98103,USA
2014-06-13 00:00:00,6.0,3.75,3010,4360,2.0,0,0,3,2000,1010,2014,0,8016 Meridian Ave N,Seattle,WA 98103,USA
2014-05-05 00:00:00,5.0,2.0,2050,10200,1.0,0,0,3,1430,620,1956,2001,20927-20999 2nd Ave S,Des Moines,WA 98198,USA
2014-06-19 00:00:00,3.0,2.0,1730,38884,1.0,0,0,3,1730,0,1997,0,29448 SE 208th St,Maple Valley,WA 98038,USA
2014-06-02 00:00:00,2.0,1.5,1140,2980,2.0,0,0,3,1140,0,1988,2000,4150 244th Pl SE,Issaquah,WA 98029,USA
2014-06-26 00:00:00,3.0,1.75,1520,11085,1.0,0,0,3,1520,0,1983,2009,20331 NE 40th Ct,Sammamish,WA 98074,USA
2014-05-19 00:00:00,4.0,2.0,1690,3250,1.5,0,0,3,1550,140,1901,0,4800-4898 Whitman Ave N,Seattle,WA 98103,USA
2014-05-25 00:00:00,4.0,3.5,2630,3435,1.5,0,3,3,1640,990,1984,0,18641 48th Pl S,SeaTac,WA 98188,USA
2014-07-01 00:00:00,4.0,3.5,3770,8501,2.0,0,0,3,3770,0,2008,0,104 6th St S,Kirkland,WA 98033,USA
2014-05-10 00:00:00,3.0,2.5,1350,1250,3.0,0,0,3,1270,80,2006,0,5940 California Ave SW,Seattle,WA 98136,USA
2014-06-05 00:00:00,3.0,1.75,1980,6250,1.0,0,1,5,1090,890,1910,0,5256 42nd Ave SW,Seattle,WA 98136,USA
2014-07-07 00:00:00,3.0,1.0,1390,6000,1.0,0,0,3,1390,0,1954,2005,880 Monroe Ave NE,Renton,WA 98056,USA
2014-05-08 00:00:00,5.0,3.25,2800,3200,1.5,0,0,5,1910,890,1932,2002,365 Halladay St,Seattle,WA 98109,USA
2014-05-12 00:00:00,5.0,3.0,2100,7715,1.0,0,0,3,1250,850,2013,1923,1047-1099 S 130th St,Burien,WA 98168,USA
2014-06-12 00:00:00,3.0,2.75,1560,7392,1.0,0,0,5,1030,530,1972,0,15118 119th Ave NE,Kirkland,WA 98034,USA
2014-05-06 00:00:00,5.0,3.5,3480,36615,2.0,0,0,4,2490,990,1983,0,21809 SE 38th Pl,Issaquah,WA 98075,USA
2014-06-09 00:00:00,3.0,2.25,2210,8000,2.0,0,0,4,2210,0,1969,0,3652 SW 328th St,Federal Way,WA 98023,USA
2014-06-16 00:00:00,3.0,2.5,1700,3150,2.0,0,0,3,1700,0,2005,0,2493 NE Laurel Crest Ln,Issaquah,WA 98029,USA
2014-05-15 00:00:00,3.0,1.0,1630,10304,1.0,0,0,5,1630,0,1953,0,17228 11th Ave NE,Shoreline,WA 98155,USA
2014-06-05 00:00:00,3.0,1.0,1500,13500,1.0,0,0,4,1500,0,1968,0,20147 SE 152nd St,Renton,WA 98059,USA
2014-05-21 00:00:00,4.0,3.25,2790,5420,1.0,0,3,3,1130,1660,1963,2013,19400-19498 23rd Ave NW,Shoreline,WA 98177,USA
2014-05-12 00:00:00,3.0,1.0,1460,9750,1.0,0,0,4,1460,0,1969,0,30928 148th Ave SE,Kent,WA 98042,USA
2014-06-25 00:00:00,2.0,1.0,900,2910,1.0,0,0,5,900,0,1924,1956,519 NE 79th St,Seattle,WA 98115,USA
2014-05-22 00:00:00,2.0,1.5,840,867,2.0,0,0,3,840,0,2005,0,9122 23rd Ave NE,Seattle,WA 98115,USA
2014-05-06 00:00:00,2.0,2.0,1100,3000,1.5,0,0,3,1100,0,1912,2005,412 NW 70th St,Seattle,WA 98117,USA
2014-06-03 00:00:00,4.0,3.0,4590,9150,2.0,0,0,3,3490,1100,1981,2013,13003 13th Ave NW,Seattle,WA 98177,USA
2014-05-13 00:00:00,3.0,2.0,1350,14200,1.0,0,0,3,1350,0,1989,0,14405 274th Ct NE,Duvall,WA 98019,USA
2014-05-22 00:00:00,3.0,1.0,1250,7300,1.0,0,0,4,1250,0,1956,0,16204 SE 8th St,Bellevue,WA 98008,USA
2014-05-07 00:00:00,3.0,1.75,2190,8000,1.0,0,0,4,2190,0,1967,0,32631 39th Ave SW,Federal Way,WA 98023,USA
2014-05-08 00:00:00,4.0,3.25,3820,24166,2.0,0,1,4,3310,510,1990,0,8565 E Mercer Way,Mercer Island,WA 98040,USA
2014-06-16 00:00:00,4.0,1.75,1690,4080,1.0,0,0,4,870,820,1984,0,3405 35th Ave S,Seattle,WA 98144,USA
2014-05-05 00:00:00,4.0,2.5,2370,6500,2.0,0,0,3,2370,0,1998,2006,12621 SE 300th Way,Auburn,WA 98092,USA
2014-06-01 00:00:00,5.0,3.0,3640,8239,2.0,0,3,3,2540,1100,1982,0,17200 SE 29th Ct,Bellevue,WA 98008,USA
2014-05-13 00:00:00,3.0,2.75,1250,892,2.0,0,0,3,1040,210,2010,0,2301 California Ave SW,Seattle,WA 98116,USA
2014-05-02 00:00:00,3.0,2.0,1960,13100,1.0,0,2,5,1650,310,1957,0,17825 4th Ave SW,Normandy Park,WA 98166,USA
2014-05-08 00:00:00,3.0,2.5,2310,4729,2.0,0,0,3,2310,0,2011,0,7630 Todd Pl,Kenmore,WA 98028,USA
2014-07-08 00:00:00,4.0,3.5,5270,53428,2.0,0,0,3,3440,1830,2004,2003,18603 E Spring Lake Dr SE,Renton,WA 98058,USA
2014-06-09 00:00:00,4.0,2.5,2350,63162,2.0,0,0,4,2350,0,1994,0,21601-21799 NE 175th St,Woodinville,WA 98077,USA
2014-05-16 00:00:00,3.0,1.0,1250,4800,1.0,0,0,4,1250,0,1951,1999,3809 SW Findlay St,Seattle,WA 98126,USA
2014-05-07 00:00:00,3.0,1.75,2070,37904,1.0,0,0,4,1420,650,1973,0,19654 116th Ave SE,Kent,WA 98031,USA
2014-07-09 00:00:00,2.0,2.5,2150,5760,1.0,0,0,3,2150,0,2010,0,12468 240th Pl NE,Redmond,WA 98053,USA
2014-07-07 00:00:00,3.0,1.5,1800,22000,2.0,0,0,3,1800,0,1931,0,3714 S 128th St,Tukwila,WA 98168,USA
2014-07-03 00:00:00,3.0,2.0,2470,8800,2.0,0,0,3,2470,0,1961,2004,3914 88th Ave SE,Mercer Island,WA 98040,USA
2014-07-02 00:00:00,4.0,2.25,1950,5950,1.0,0,0,3,1330,620,1947,2012,2220 5th Ave N,Seattle,WA 98109,USA
2014-05-20 00:00:00,4.0,3.5,2680,10000,2.0,0,0,3,2040,640,1942,2014,13342 30th Ave NE,Seattle,WA 98125,USA
2014-05-22 00:00:00,3.0,1.0,1040,6250,1.0,0,0,3,1040,0,1942,1999,5440 42nd Ave SW,Seattle,WA 98136,USA
2014-05-02 00:00:00,2.0,1.0,850,6174,1.0,0,0,4,850,0,1950,1983,121 NE 147th St,Shoreline,WA 98155,USA
2014-05-19 00:00:00,3.0,1.0,950,7620,1.0,0,0,3,950,0,1954,2005,9445 8th Ave SW,Seattle,WA 98106,USA
2014-06-30 00:00:00,3.0,1.0,1580,6300,1.0,0,0,3,1180,400,1925,2002,2108 W Bertona St,Seattle,WA 98199,USA
2014-06-26 00:00:00,3.0,1.75,1500,11968,1.0,0,0,3,1500,0,2014,0,32428-32598 5th Ave,Black Diamond,WA 98010,USA
2014-06-04 00:00:00,6.0,2.75,2630,16411,1.0,0,0,4,1650,980,1974,0,2317-2399 185th Pl NE,Redmond,WA 98052,USA
2014-07-07 00:00:00,2.0,1.5,800,5192,1.0,0,0,5,800,0,1951,0,10203 42nd Ave SW,Seattle,WA 98146,USA
2014-05-23 00:00:00,3.0,2.5,1620,1173,3.0,0,4,3,1470,150,2008,0,5410 Greenwood Ave N,Seattle,WA 98103,USA
2014-05-28 00:00:00,4.0,3.25,4700,9160,1.0,0,4,3,2520,2180,2005,0,5700-5798 SW Hinds St,Seattle,WA 98116,USA
2014-05-29 00:00:00,3.0,1.5,2600,5085,1.0,0,0,4,1400,1200,1940,2001,4118 35th Ave SW,Seattle,WA 98126,USA
2014-06-06 00:00:00,4.0,2.25,1740,8449,1.0,0,0,4,1170,570,1958,1972,16204 SE 2nd St,Bellevue,WA 98008,USA
2014-06-09 00:00:00,3.0,2.5,1800,2700,2.0,0,0,3,1800,0,2011,0,2803 SW Bataan St,Seattle,WA 98126,USA
2014-07-07 00:00:00,2.0,1.0,1500,6685,1.0,0,0,3,1190,310,1926,2003,12226 Phinney Ave N,Seattle,WA 98133,USA
2014-07-03 00:00:00,2.0,1.0,870,4600,1.0,0,0,4,870,0,1942,1982,8506 37th Ave SW,Seattle,WA 98126,USA
2014-06-28 00:00:00,4.0,2.5,3130,40918,2.0,0,0,3,3130,0,1994,0,46300 SE 137th St,North Bend,WA 98045,USA
2014-05-21 00:00:00,2.0,1.75,1890,9466,2.0,0,0,3,1890,0,1987,2000,130 97th Ave NE,Bellevue,WA 98004,USA
2014-05-28 00:00:00,4.0,2.5,2798,4473,2.0,0,0,3,2798,0,2012,1912,19296-19336 102nd Ave SE,Renton,WA 98055,USA
2014-05-21 00:00:00,4.0,2.25,2000,9000,1.0,0,0,4,2000,0,1978,2000,4231 SW 323rd St,Federal Way,WA 98023,USA
2014-06-05 00:00:00,4.0,2.5,2658,3960,2.0,0,0,3,2658,0,2014,0,2723 55th St SE,Auburn,WA 98092,USA
2014-06-16 00:00:00,3.0,1.0,1100,8536,1.0,0,0,4,1100,0,1957,2001,9615 58th Ave S,Seattle,WA 98118,USA
2014-05-08 00:00:00,4.0,1.75,2060,26036,1.0,0,0,4,1160,900,1947,1988,17622 12th Ave SW,Normandy Park,WA 98166,USA
2014-07-08 00:00:00,4.0,2.25,1900,7200,1.0,0,0,3,1370,530,1977,2004,11042 31st Ave SW,Seattle,WA 98146,USA
2014-05-06 00:00:00,3.0,2.25,1970,11088,1.0,0,0,4,1180,790,1967,0,18738-18798 49th Pl NE,Lake Forest Park,WA 98155,USA
2014-06-25 00:00:00,3.0,2.75,1850,16960,1.0,0,2,4,1850,0,1953,1983,633 NW 116th St,Seattle,WA 98177,USA
2014-05-15 00:00:00,5.0,1.75,2000,3750,2.0,0,0,4,2000,0,1921,0,309 N 46th St,Seattle,WA 98103,USA
2014-06-18 00:00:00,2.0,1.0,1240,6400,1.0,0,1,4,1060,180,1938,0,5927 35th Ave SW,Seattle,WA 98126,USA
2014-06-10 00:00:00,6.0,3.75,2930,14980,2.0,0,3,3,2930,0,2013,1923,6478 167th Ln SE,Bellevue,WA 98006,USA
2014-05-19 00:00:00,3.0,1.0,1370,7500,1.0,0,0,3,1370,0,1960,2012,4751 Stephens Ave,Carnation,WA 98014,USA
2014-05-20 00:00:00,6.0,3.0,1880,7200,1.0,0,0,4,1880,0,1966,0,1178 Camas Ave NE,Renton,WA 98056,USA
2014-06-20 00:00:00,3.0,1.75,1780,8085,1.0,0,0,3,1210,570,1976,0,14815 108th Pl NE,Bothell,WA 98011,USA
2014-05-22 00:00:00,4.0,2.5,2930,18199,2.0,0,0,3,2930,0,1998,2006,1645 219th Pl SE,Sammamish,WA 98075,USA
2014-06-24 00:00:00,3.0,1.75,1070,8000,1.0,0,0,3,1070,0,1977,2004,10908 156th Ct NE,Redmond,WA 98052,USA
2014-05-05 00:00:00,3.0,2.0,1550,15040,1.0,0,0,4,1550,0,1958,1972,18027 SE 128th St,Renton,WA 98059,USA
2014-05-16 00:00:00,2.0,1.5,1070,9643,1.0,0,0,3,1070,0,1985,0,13105 SE 277th Pl,Kent,WA 98030,USA
2014-05-20 00:00:00,3.0,1.5,1080,2940,1.5,0,0,4,1080,0,1920,0,7505 Ravenna Ave NE,Seattle,WA 98115,USA
2014-05-23 00:00:00,3.0,2.25,1670,1596,2.0,0,0,3,1220,450,2002,0,3019 30th Ave W,Seattle,WA 98199,USA
2014-06-23 00:00:00,2.0,1.0,1060,7200,1.0,0,0,4,1060,0,1951,1999,1212 NE 162nd St,Shoreline,WA 98155,USA
2014-07-02 00:00:00,4.0,2.0,2370,76665,2.0,0,0,4,2370,0,1978,2000,35516 44th Ave S,Auburn,WA 98001,USA
2014-05-12 00:00:00,4.0,3.0,2400,3340,1.0,0,0,4,1200,1200,1964,0,618 NW 49th St,Seattle,WA 98107,USA
2014-05-06 00:00:00,3.0,3.5,3020,4082,2.0,0,0,3,2080,940,1954,2004,3401-3599 Arapahoe Pl W,Seattle,WA 98199,USA
2014-05-08 00:00:00,4.0,2.75,2280,2850,1.5,0,0,4,1540,740,1930,0,8013 20th Ave NE,Seattle,WA 98115,USA
2014-06-10 00:00:00,3.0,2.5,1780,6771,1.0,0,0,3,1230,550,1990,2009,8833 14th Ave SW,Seattle,WA 98106,USA
2014-06-25 00:00:00,5.0,2.25,2370,15512,2.0,0,0,4,2370,0,1981,0,14207 SE 52nd Pl,Bellevue,WA 98006,USA
2014-05-19 00:00:00,3.0,2.5,2200,3360,2.0,0,0,3,2200,0,2009,0,6729 37th Ave S,Seattle,WA 98118,USA
2014-07-03 00:00:00,4.0,3.25,2980,3600,2.0,0,0,3,2150,830,1999,0,1820 38th Ave E,Seattle,WA 98112,USA
2014-06-20 00:00:00,1.0,1.0,800,16306,1.0,0,0,2,680,120,1931,0,12419 20th Ave S,Seattle,WA 98168,USA
2014-05-19 00:00:00,2.0,2.25,1610,2040,2.0,0,0,4,1610,0,1979,0,2906 Kennewick Pl NE,Renton,WA 98056,USA
2014-06-19 00:00:00,4.0,2.25,2160,5600,1.0,0,0,5,1080,1080,1947,0,2667 11th Ave W,Seattle,WA 98119,USA
2014-05-14 00:00:00,3.0,1.75,2110,10200,2.0,0,0,4,2110,0,1966,0,14244 140th Ave SE,Renton,WA 98059,USA
2014-06-17 00:00:00,3.0,2.5,1680,2229,2.0,0,0,3,1680,0,2007,0,611 NE 165th St,Shoreline,WA 98155,USA
2014-05-26 00:00:00,3.0,2.5,1780,4050,2.0,0,0,3,1780,0,2001,0,1743 NE 146th St,Shoreline,WA 98155,USA
2014-06-18 00:00:00,5.0,2.25,2480,12070,2.0,0,0,3,2480,0,1978,0,2206 Sahalee Dr E,Sammamish,WA 98074,USA
2014-05-22 00:00:00,2.0,2.5,1160,2174,2.0,0,0,3,1160,0,1998,2006,8601-8633 26th Ave SW,Seattle,WA 98106,USA
2014-07-09 00:00:00,3.0,1.0,990,8062,1.0,0,0,4,990,0,1960,2001,20824-20836 Occidental Ave S,Des Moines,WA 98198,USA
2014-06-10 00:00:00,5.0,3.0,2830,7500,2.0,0,0,3,2460,370,1923,1998,4007 48th Ave NE,Seattle,WA 98105,USA
2014-06-24 00:00:00,2.0,2.25,2550,6000,2.0,0,0,5,1860,690,1902,0,6054 5th Ave NE,Seattle,WA 98115,USA
2014-07-07 00:00:00,3.0,2.5,1450,3748,2.0,0,0,3,1450,0,2004,2003,7621 Orchard Ave SE,Snoqualmie,WA 98065,USA
2014-05-21 00:00:00,3.0,1.75,1300,62290,1.0,0,0,3,1300,0,1983,2009,26933 NE Union Hill Rd,Redmond,WA 98053,USA
2014-05-14 00:00:00,4.0,2.5,2310,14023,2.0,0,0,3,2310,0,1991,0,14923 280th Pl NE,Duvall,WA 98019,USA
2014-07-01 00:00:00,4.0,1.75,1700,5846,1.0,0,0,3,1700,0,1957,2000,4003 W Emerson St,Seattle,WA 98199,USA
2014-05-13 00:00:00,4.0,3.25,4400,16625,2.0,0,0,3,4400,0,2003,0,27747 SE 24th Way,Sammamish,WA 98075,USA
2014-05-16 00:00:00,3.0,2.25,1720,4000,1.5,0,0,4,1450,270,1921,0,5255 39th Ave NE,Seattle,WA 98105,USA
2014-07-02 00:00:00,3.0,1.75,1490,1036,2.0,0,0,3,1090,400,2008,0,4304B 36th Ave W,Seattle,WA 98199,USA
2014-05-21 00:00:00,4.0,2.5,3400,247421,2.0,0,0,3,3400,0,2001,0,27728 SE 268th St,Ravensdale,WA 98051,USA
2014-07-01 00:00:00,3.0,1.75,1750,7020,2.0,0,0,3,1750,0,1934,1978,30734 229th Pl SE,Black Diamond,WA 98010,USA
2014-05-19 00:00:00,3.0,1.75,1630,28600,1.0,0,0,3,1630,0,1967,2011,14926 NE 202nd St,Woodinville,WA 98072,USA
2014-05-06 00:00:00,4.0,2.5,2290,12047,2.0,0,0,4,2290,0,1988,0,17435 SE 47th St,Bellevue,WA 98006,USA
2014-05-21 00:00:00,3.0,4.0,3880,13095,2.0,0,3,3,3700,180,2009,0,8090 Juanita Dr NE,Kirkland,WA 98034,USA
2014-06-05 00:00:00,3.0,2.5,2050,4185,2.0,0,0,3,2050,0,2011,0,8708 12th Ave NW,Seattle,WA 98117,USA
2014-05-23 00:00:00,3.0,1.75,1300,2580,1.0,0,0,5,820,480,1919,1934,825 NE 63rd St,Seattle,WA 98115,USA
2014-05-27 00:00:00,3.0,1.75,1930,36210,1.0,0,0,3,1930,0,1977,2004,15816 NE 195th St,Woodinville,WA 98072,USA
2014-05-16 00:00:00,3.0,2.5,2320,36847,2.0,0,2,3,2320,0,1992,0,12711 470th Ave SE,North Bend,WA 98045,USA
2014-06-20 00:00:00,3.0,2.5,1820,8085,2.0,0,0,3,1820,0,1983,2009,1142 S 23rd St,Renton,WA 98055,USA
2014-05-06 00:00:00,6.0,3.0,3470,117612,1.5,0,0,3,3470,0,1924,2011,19007 80th Ave NE,Kenmore,WA 98028,USA
2014-06-11 00:00:00,4.0,2.5,2550,4500,2.0,0,0,3,2550,0,2009,0,564 Field Pl NE,Renton,WA 98059,USA
2014-05-21 00:00:00,4.0,2.5,1900,5790,2.0,0,0,3,1900,0,1994,0,4136 258th Ave SE,Issaquah,WA 98029,USA
2014-06-05 00:00:00,4.0,2.75,2330,7642,1.0,0,0,3,1800,530,1990,2009,2829 SW 342nd Pl,Federal Way,WA 98023,USA
2014-05-15 00:00:00,3.0,2.25,1490,974,2.0,0,0,3,1220,270,2009,0,5021 Delridge Way SW,Seattle,WA 98106,USA
2014-06-04 00:00:00,3.0,2.5,2340,59058,1.0,0,0,3,2340,0,1985,0,21924 234th Ave SE,Maple Valley,WA 98038,USA
2014-06-17 00:00:00,3.0,2.5,2970,21907,2.0,0,0,3,2970,0,1998,2006,14239 183rd Ave SE,Renton,WA 98059,USA
2014-06-20 00:00:00,6.0,4.5,5480,10800,2.0,0,3,4,4430,1050,1999,0,1223 7th Ave W,Seattle,WA 98119,USA
2014-06-30 00:00:00,2.0,1.0,960,8153,1.0,0,0,3,960,0,1947,2012,2610 NE 145th St,Shoreline,WA 98155,USA
2014-05-27 00:00:00,2.0,1.5,1180,844,2.0,0,0,3,990,190,2005,0,323 25th Ave S,Seattle,WA 98144,USA
2014-06-02 00:00:00,3.0,1.75,1670,5400,2.0,0,0,5,1670,0,1912,0,1808 38th Ave E,Seattle,WA 98112,USA
2014-06-09 00:00:00,4.0,3.0,2390,4500,2.0,0,0,3,2390,0,1974,0,312 Wells Ave N,Renton,WA 98057,USA
2014-06-11 00:00:00,3.0,2.25,1630,2520,2.0,0,0,3,1630,0,2005,0,2009 25th Ave NE,Issaquah,WA 98029,USA
2014-06-06 00:00:00,4.0,3.5,4280,9583,2.0,0,0,3,4280,0,2005,0,1415 108th Ave SE,Bellevue,WA 98004,USA
2014-05-14 00:00:00,3.0,2.5,1820,4883,2.0,0,0,3,1820,0,2005,0,14800-14822 88th Ave NE,Kenmore,WA 98028,USA
2014-06-25 00:00:00,3.0,1.5,1150,8450,1.0,0,0,4,1150,0,1951,1999,8540 S 123rd Pl,Seattle,WA 98178,USA
2014-07-02 00:00:00,5.0,2.5,2160,7737,2.0,0,0,3,2160,0,1998,2006,7001 Autumn Ave SE,Snoqualmie,WA 98065,USA
2014-06-16 00:00:00,3.0,1.5,1760,6723,1.0,0,0,3,1160,600,1958,2004,5624 Wilson Ave S,Seattle,WA 98118,USA
2014-06-20 00:00:00,2.0,1.0,840,4239,1.0,0,0,3,840,0,1948,1994,7901-7911 39th Ave SW,Seattle,WA 98136,USA
2014-05-20 00:00:00,4.0,2.0,2850,7861,1.0,0,4,4,1450,1400,1970,0,3014 NW Esplanade,Seattle,WA 98117,USA
2014-05-28 00:00:00,3.0,2.5,2190,10370,2.0,0,0,3,2190,0,1987,2000,1345 232nd Pl NE,Sammamish,WA 98074,USA
2014-06-24 00:00:00,3.0,2.5,2740,5925,2.0,0,2,3,2740,0,1913,1992,1226 22nd Ave E,Seattle,WA 98112,USA
2014-06-30 00:00:00,4.0,3.75,4350,7965,2.0,0,0,3,4350,0,2013,1923,2000-2098 102nd Ave NE,Bellevue,WA 98004,USA
2014-06-16 00:00:00,4.0,3.5,2690,6164,2.0,0,0,3,2690,0,2002,0,1010 274th Way SE,Sammamish,WA 98075,USA
2014-06-20 00:00:00,3.0,2.25,1940,11612,1.0,0,0,4,1100,840,1981,0,11317 82nd Ave S,Seattle,WA 98178,USA
2014-07-08 00:00:00,3.0,1.0,1040,8892,1.0,0,0,4,800,240,1958,1972,1028 SW 307th St,Federal Way,WA 98023,USA
2014-06-05 00:00:00,4.0,2.75,2420,5773,2.0,0,0,3,2420,0,2005,0,25025 234th Pl SE,Maple Valley,WA 98038,USA
2014-06-11 00:00:00,3.0,2.5,1430,1002,3.0,0,0,3,1430,0,2002,0,720 N 95th St,Seattle,WA 98103,USA
2014-06-17 00:00:00,3.0,1.0,980,7200,1.0,0,0,4,980,0,1950,1983,3609 49th Ave SW,Seattle,WA 98116,USA
2014-06-10 00:00:00,3.0,1.0,1580,5000,1.5,0,0,3,1580,0,1926,2003,7526 Jones Ave NW,Seattle,WA 98117,USA
2014-05-08 00:00:00,2.0,1.0,1270,3008,1.0,0,0,4,650,620,1923,0,4305 S Webster St,Seattle,WA 98118,USA
2014-06-25 00:00:00,3.0,2.75,2210,4000,2.0,0,0,3,2210,0,2008,0,10915 243rd Ave NE,Redmond,WA 98053,USA
2014-07-01 00:00:00,3.0,2.0,2050,13303,1.0,0,0,3,2050,0,1993,0,37128 19th Way S,Federal Way,WA 98003,USA
2014-06-17 00:00:00,6.0,1.75,2740,6360,1.0,0,3,3,1370,1370,1953,0,10721 Marine View Dr SW,Seattle,WA 98146,USA
2014-07-01 00:00:00,3.0,2.0,1240,11172,1.0,0,0,3,1000,240,1984,0,3027 230th Pl NE,Sammamish,WA 98074,USA
2014-06-30 00:00:00,3.0,2.5,2650,2387,2.0,0,0,3,1830,820,1920,1979,408 W Lee St,Seattle,WA 98119,USA
2014-05-09 00:00:00,2.0,2.5,2200,188200,1.0,0,3,3,2200,0,2007,0,39612 254th Ave SE,Enumclaw,WA 98022,USA
2014-07-03 00:00:00,4.0,2.25,2060,11385,1.0,0,0,4,1200,860,1962,0,2152 SW 323rd St,Federal Way,WA 98023,USA
2014-06-24 00:00:00,3.0,2.5,2590,18980,1.0,0,0,4,2590,0,1976,1992,24292 141st Pl SE,Kent,WA 98042,USA
2014-06-03 00:00:00,3.0,2.0,1360,5120,1.5,0,0,4,910,450,1924,0,4822 48th Ave SW,Seattle,WA 98116,USA
2014-06-20 00:00:00,4.0,3.0,3740,30884,2.0,0,0,3,3060,680,1988,2000,16534 NE 169th Pl,Woodinville,WA 98072,USA
2014-06-24 00:00:00,3.0,2.25,1670,7881,1.0,0,0,4,1190,480,1977,0,12046 SE 214th St,Kent,WA 98031,USA
2014-05-05 00:00:00,3.0,2.5,1900,8744,2.0,0,0,3,1900,0,1987,2000,22314 NE 11th Pl,Sammamish,WA 98074,USA
2014-05-27 00:00:00,3.0,1.0,1200,6250,1.0,0,0,3,920,280,1943,2002,10424 2nd Ave S,Seattle,WA 98168,USA
2014-05-27 00:00:00,3.0,2.5,1590,2550,3.0,0,0,3,1590,0,1985,0,6601-6699 28th Ave NW,Seattle,WA 98117,USA
2014-05-22 00:00:00,2.0,1.0,1070,5824,1.0,0,2,5,1070,0,1949,0,7057 S Lakeridge Dr,Seattle,WA 98178,USA
2014-05-29 00:00:00,4.0,2.0,1670,12056,1.0,0,0,3,1670,0,1955,2005,7221 NE 156th St,Kenmore,WA 98028,USA
2014-05-15 00:00:00,4.0,2.5,3020,17810,1.0,0,0,3,1600,1420,1979,2014,4527-4553 NE 201st Pl,Lake Forest Park,WA 98155,USA
2014-06-10 00:00:00,3.0,1.75,1330,9200,1.0,0,0,4,1330,0,1973,0,3301 20th St SE,Auburn,WA 98092,USA
2014-06-30 00:00:00,3.0,2.0,1890,29185,1.0,0,0,3,1470,420,1949,2013,12933 SE 46th Ln,Bellevue,WA 98006,USA
2014-06-25 00:00:00,3.0,1.5,1940,2885,1.5,0,2,3,1940,0,1900,2005,1228 9th Ave W,Seattle,WA 98119,USA
2014-06-19 00:00:00,4.0,2.5,2400,7693,2.0,0,0,3,2400,0,2003,0,378 Nile Pl NE,Renton,WA 98059,USA
2014-06-30 00:00:00,4.0,3.0,2440,9664,2.0,0,0,3,1890,550,1981,2013,18713 66th Ave NE,Kenmore,WA 98028,USA
2014-07-08 00:00:00,4.0,2.25,2060,7283,1.0,0,0,3,1220,840,1963,2013,15568 11th Ave NE,Shoreline,WA 98155,USA
2014-05-19 00:00:00,4.0,3.5,3410,10769,2.0,0,0,3,3410,0,2008,0,10635 SE 2nd St,Bellevue,WA 98004,USA
2014-05-23 00:00:00,3.0,1.0,1800,5612,1.0,0,0,4,1200,600,1942,1982,8639 36th Ave SW,Seattle,WA 98126,USA
2014-05-23 00:00:00,3.0,1.5,1110,9762,1.0,0,0,4,1110,0,1963,0,14222 NE 80th Pl,Redmond,WA 98052,USA
2014-07-09 00:00:00,3.0,2.5,2650,9380,1.0,0,0,5,1680,970,1975,0,4765 NE 203rd St,Lake Forest Park,WA 98155,USA
2014-05-23 00:00:00,4.0,3.0,3370,7920,1.0,0,3,3,1860,1510,1988,2000,3524 NW 67th St,Seattle,WA 98117,USA
2014-06-23 00:00:00,3.0,1.75,1610,8613,1.0,0,0,5,1610,0,1962,0,10905 NE 48th St,Kirkland,WA 98033,USA
2014-06-23 00:00:00,4.0,2.5,2000,37045,2.0,0,0,3,2000,0,1989,0,29204 202nd Ave SE,Kent,WA 98042,USA
2014-06-17 00:00:00,3.0,2.25,2140,11266,2.0,0,0,3,2140,0,1986,0,27818 NE 141st St,Duvall,WA 98019,USA
2014-05-08 00:00:00,6.0,2.25,3206,5793,2.0,0,0,3,3206,0,2012,1912,25921-25929 35th Pl S,Kent,WA 98032,USA
2014-05-30 00:00:00,3.0,2.0,1060,5750,1.0,0,0,3,1060,0,1981,2013,5452 31st Ave SW,Seattle,WA 98126,USA
2014-05-07 00:00:00,4.0,1.0,1490,6600,1.0,0,0,3,1490,0,1969,2010,13248 Occidental Ave S,Burien,WA 98168,USA
2014-05-28 00:00:00,4.0,2.5,3240,10800,1.0,0,0,3,2260,980,1946,0,5726 61st Ave NE,Seattle,WA 98105,USA
2014-06-27 00:00:00,4.0,2.75,2300,37533,1.0,0,3,5,1550,750,1979,0,7707 SW 259th St,Vashon,WA 98070,USA
2014-05-30 00:00:00,3.0,2.5,2670,10082,1.0,0,0,3,2670,0,1987,2000,2834 220th Pl NE,Sammamish,WA 98074,USA
2014-06-05 00:00:00,3.0,2.5,1480,1485,2.0,0,0,3,1280,200,2007,0,2027 Eastlake Ave E,Seattle,WA 98102,USA
2014-05-14 00:00:00,3.0,1.0,1050,5402,1.5,0,0,4,1050,0,1906,1990,1807 17th Ave S,Seattle,WA 98144,USA
2014-07-09 00:00:00,3.0,2.5,1460,7573,2.0,0,0,3,1460,0,1983,2009,14855 SE 10th Pl,Bellevue,WA 98007,USA
2014-06-05 00:00:00,2.0,1.0,920,4095,1.0,0,0,4,920,0,1914,1945,5968 44th Ave S,Seattle,WA 98118,USA
2014-06-09 00:00:00,4.0,2.5,2730,4800,1.5,0,0,5,2230,500,1909,1988,2518 1st Ave W,Seattle,WA 98119,USA
2014-06-03 00:00:00,2.0,1.75,1220,5000,1.0,0,0,5,860,360,1921,0,506 Wells Ave N,Renton,WA 98057,USA
2014-07-09 00:00:00,4.0,1.75,1820,5015,1.0,0,0,4,1190,630,1926,1993,1714 S Pearl St,Seattle,WA 98108,USA
2014-07-01 00:00:00,3.0,1.75,1040,9000,1.0,0,0,4,1040,0,1967,0,425-445 Mt Defiance Cir SW,Issaquah,WA 98027,USA
2014-07-02 00:00:00,4.0,2.5,4080,18362,2.0,0,2,4,4080,0,1983,0,2710 95th Ave NE,Clyde Hill,WA 98004,USA
2014-05-16 00:00:00,3.0,1.75,1180,10541,1.0,0,0,4,940,240,1981,0,23013 NE 28th St,Sammamish,WA 98074,USA
2014-05-29 00:00:00,3.0,1.5,1460,5040,1.0,0,0,3,1100,360,1971,0,11221 Palatine Ave N,Seattle,WA 98133,USA
2014-06-02 00:00:00,3.0,1.75,2160,6272,1.0,0,0,4,1390,770,1960,2001,2000-2098 NE 68th St,Seattle,WA 98115,USA
2014-05-28 00:00:00,3.0,2.5,2300,5500,1.5,0,0,4,2000,300,1921,0,2739 31st Ave S,Seattle,WA 98144,USA
2014-07-02 00:00:00,4.0,1.75,1880,3720,1.5,0,0,4,1880,0,1924,0,15 Raye St,Seattle,WA 98109,USA
2014-05-19 00:00:00,5.0,1.75,3290,11900,1.5,0,0,3,3290,0,1973,2013,6305 150th Ave NE,Redmond,WA 98052,USA
2014-06-04 00:00:00,4.0,3.5,2910,5260,2.0,0,0,3,2910,0,2012,1912,9311 Nye Ave SE,Snoqualmie,WA 98065,USA
2014-05-15 00:00:00,3.0,1.0,1220,13000,1.0,0,0,4,1220,0,1955,2009,18218 Evanston Ave N,Shoreline,WA 98133,USA
2014-07-01 00:00:00,4.0,2.5,1820,20011,2.0,0,0,3,1820,0,1987,2000,22101 SE 28th St,Sammamish,WA 98075,USA
2014-06-18 00:00:00,3.0,1.75,2040,6000,1.0,0,0,5,1120,920,1958,0,3850 51st Ave SW,Seattle,WA 98116,USA
2014-05-30 00:00:00,4.0,2.75,2600,4674,1.0,0,0,3,1560,1040,1976,0,6820 39th Ave NE,Seattle,WA 98115,USA
2014-05-18 00:00:00,5.0,2.5,1970,8605,2.0,0,0,4,1970,0,1994,0,419 Wetherbee Ln,Enumclaw,WA 98022,USA
2014-07-07 00:00:00,4.0,2.5,2400,6137,2.0,0,0,3,2400,0,1990,2009,22447 NE 9th Dr,Sammamish,WA 98074,USA
2014-05-22 00:00:00,2.0,2.5,1230,987,2.0,0,0,3,1060,170,2011,0,2031 S Washington St,Seattle,WA 98144,USA
2014-05-30 00:00:00,3.0,2.25,1820,8058,1.0,0,0,3,1260,560,1974,0,13807 129th Pl NE,Kirkland,WA 98034,USA
2014-07-08 00:00:00,4.0,2.75,2530,14178,2.0,0,0,3,2530,0,1997,0,15200 287th Ave NE,Duvall,WA 98019,USA
2014-06-10 00:00:00,3.0,1.75,1760,26055,1.0,0,0,3,920,840,1979,2014,18035 SE 262nd Pl,Covington,WA 98042,USA
2014-05-09 00:00:00,3.0,2.0,1920,8075,1.0,0,0,4,1510,410,1969,0,32704 33rd Ave SW,Federal Way,WA 98023,USA
2014-05-20 00:00:00,4.0,2.0,1700,6025,1.0,0,0,3,1700,0,1978,0,606 5th St SE,Auburn,WA 98002,USA
2014-06-16 00:00:00,3.0,1.75,1770,8235,1.0,0,0,3,1030,740,1960,2012,455 S 190th St,Burien,WA 98148,USA
2014-07-02 00:00:00,3.0,1.75,1540,3000,1.0,0,2,3,770,770,1920,1979,6528 3rd Ave NW,Seattle,WA 98117,USA
2014-05-14 00:00:00,3.0,1.0,1260,8280,1.0,0,0,3,1260,0,1946,0,2559 NE 98th St,Seattle,WA 98115,USA
2014-05-13 00:00:00,3.0,3.5,2876,5086,2.0,0,0,3,2360,516,2007,0,12467 NE 171st Pl,Woodinville,WA 98072,USA
2014-06-16 00:00:00,2.0,1.0,760,5500,1.5,0,0,3,760,0,1947,2012,11023 4th Ave S,Seattle,WA 98168,USA
2014-05-02 00:00:00,4.0,2.5,1940,10500,1.0,0,0,4,1140,800,1976,1992,9105 170th Ave NE,Redmond,WA 98052,USA
2014-05-12 00:00:00,4.0,2.5,2980,4930,2.0,0,0,3,2890,90,2000,0,16512 SE 64th Pl,Bellevue,WA 98006,USA
2014-05-19 00:00:00,3.0,1.0,970,7275,1.0,0,0,4,970,0,1970,0,11428 SE 225th St,Kent,WA 98031,USA
2014-05-05 00:00:00,4.0,2.5,4340,141570,2.5,0,0,3,4340,0,1992,0,8814 218th Ave NE,Redmond,WA 98053,USA
2014-06-16 00:00:00,3.0,3.25,2940,5432,3.0,0,3,4,2440,500,1978,2000,150 Highland Dr,Seattle,WA 98109,USA
2014-05-09 00:00:00,3.0,1.5,1500,6337,1.0,0,0,5,1500,0,1953,0,13532 15th Pl NE,Seattle,WA 98125,USA
2014-05-28 00:00:00,4.0,2.25,2920,46355,2.0,0,0,4,2920,0,1998,0,28412 SE 43rd St,Fall City,WA 98024,USA
2014-06-26 00:00:00,4.0,2.5,3060,7140,2.0,0,0,3,3060,0,2006,0,2401 NE Daphne St,Issaquah,WA 98029,USA
2014-06-05 00:00:00,3.0,3.5,3590,6402,2.0,0,0,3,3590,0,1999,0,20555 NE 27th Pl,Sammamish,WA 98074,USA
2014-05-23 00:00:00,4.0,2.0,2840,13367,1.0,0,0,3,1420,1420,1952,2008,9723 NE 15th St,Clyde Hill,WA 98004,USA
2014-06-05 00:00:00,4.0,2.5,2068,7242,2.0,0,0,4,2068,0,1976,1992,30036-30116 42nd Pl S,Auburn,WA 98001,USA
2014-05-30 00:00:00,3.0,1.75,1510,44000,1.0,0,0,3,1240,270,1989,0,12629 468th Ave SE,North Bend,WA 98045,USA
2014-05-14 00:00:00,2.0,1.0,980,2130,1.0,0,0,4,860,120,1918,1974,6520-6588 8th Ave NW,Seattle,WA 98117,USA
2014-05-20 00:00:00,4.0,1.0,1210,3760,1.5,0,0,3,1210,0,1900,2005,1106 N 80th St,Seattle,WA 98103,USA
2014-05-13 00:00:00,3.0,2.5,2010,14298,2.0,0,0,3,2010,0,1977,2004,10711 SW 111th Pl,Vashon,WA 98070,USA
2014-05-28 00:00:00,3.0,1.0,800,2296,1.0,0,0,4,800,0,1908,0,125 N Bowdoin Pl,Seattle,WA 98103,USA
2014-06-26 00:00:00,4.0,2.5,2660,10800,1.0,0,0,3,2660,0,1955,2014,12345 SE 23rd Pl,Bellevue,WA 98005,USA
2014-06-05 00:00:00,4.0,5.25,4670,43950,2.0,0,0,3,4670,0,1989,0,6324 160th Pl SE,Bellevue,WA 98006,USA
2014-05-16 00:00:00,4.0,2.75,3280,24440,2.0,0,0,3,3280,0,1996,0,12040 201st Pl NE,Woodinville,WA 98077,USA
2014-05-28 00:00:00,3.0,2.0,1660,8281,1.0,0,0,3,1660,0,1949,1998,5021 Fauntleroy Way SW,Seattle,WA 98136,USA
2014-07-09 00:00:00,4.0,2.5,1980,6660,2.0,0,0,4,1980,0,1974,0,12812 130th Ct NE,Kirkland,WA 98034,USA
2014-06-04 00:00:00,4.0,2.25,2500,8500,1.0,0,0,4,1600,900,1978,2000,4615 158th Ave SE,Bellevue,WA 98006,USA
2014-05-28 00:00:00,2.0,1.0,1060,8187,1.0,0,0,4,1060,0,1952,0,16708 N Park Ave N,Shoreline,WA 98133,USA
2014-05-09 00:00:00,4.0,2.0,2190,14439,1.0,0,0,4,1180,1010,1977,0,3331 S 368th Pl,Auburn,WA 98001,USA
2014-07-02 00:00:00,3.0,1.75,2270,11472,1.0,0,0,4,1370,900,1956,0,10514 14th Ave NW,Seattle,WA 98177,USA
2014-05-09 00:00:00,4.0,2.5,2830,20345,2.0,0,0,3,1980,850,1979,2014,11110 NE 38th Pl,Bellevue,WA 98004,USA
2014-05-20 00:00:00,4.0,1.75,2450,13300,1.0,0,2,4,1630,820,1987,0,5028 157th Ave SE,Bellevue,WA 98006,USA
2014-05-27 00:00:00,3.0,1.75,1650,12940,1.0,0,0,4,1650,0,1961,2001,18504 57th Ave NE,Kenmore,WA 98028,USA
2014-05-12 00:00:00,5.0,3.0,2480,10090,1.0,0,0,3,1300,1180,2004,2003,5537 S 119th St,Seattle,WA 98178,USA
2014-05-06 00:00:00,5.0,5.0,4490,10279,2.0,0,0,3,3930,560,2013,1923,1435 104th Ave SE,Bellevue,WA 98004,USA
2014-07-10 00:00:00,4.0,2.5,3360,22111,2.0,0,0,3,3360,0,1994,0,24142 SE 18th Pl,Sammamish,WA 98075,USA
2014-06-17 00:00:00,5.0,3.5,2800,7350,2.0,0,0,3,2800,0,1995,0,8430 8th Ave SW,Seattle,WA 98106,USA
2014-05-02 00:00:00,2.0,1.0,800,4850,1.0,0,0,4,800,0,1944,0,4801-4899 6th Ave NW,Seattle,WA 98107,USA
2014-06-02 00:00:00,5.0,2.5,3990,3839,1.0,0,0,4,1990,2000,1962,0,431 26th Ave E,Seattle,WA 98112,USA
2014-06-23 00:00:00,4.0,3.5,3910,59863,2.0,0,0,4,2490,1420,1987,0,13045 205th Pl SE,Issaquah,WA 98027,USA
2014-06-29 00:00:00,3.0,2.0,1610,15005,1.0,0,0,4,1610,0,1986,0,31907 NE 102nd Pl,Carnation,WA 98014,USA
2014-06-12 00:00:00,4.0,2.5,2683,40386,2.0,0,0,4,2683,0,1987,0,10821 151st Ave NE,Redmond,WA 98052,USA
2014-06-25 00:00:00,6.0,2.0,1900,8240,1.0,0,0,2,1200,700,1964,0,2825 NE 105th St,Seattle,WA 98125,USA
2014-06-25 00:00:00,4.0,2.0,1780,5336,1.5,0,0,5,930,850,1918,0,10200-10216 56th Ave S,Seattle,WA 98178,USA
2014-07-08 00:00:00,5.0,2.5,2820,9375,1.0,0,0,4,1550,1270,1968,0,15910 SE 42nd Pl,Bellevue,WA 98006,USA
2014-07-08 00:00:00,3.0,1.0,910,10575,1.0,0,0,4,910,0,1968,0,2536 S 365th Pl,Federal Way,WA 98003,USA
2014-05-27 00:00:00,4.0,2.5,2520,8515,2.0,0,0,3,2520,0,1999,0,28312 NE 138th Pl,Duvall,WA 98019,USA
2014-06-11 00:00:00,4.0,2.5,2090,9702,1.0,0,0,5,1320,770,1965,0,16135 Densmore Ave N,Shoreline,WA 98133,USA
2014-07-02 00:00:00,6.0,4.5,3830,4800,3.0,0,0,3,3050,780,1919,2004,2425 3rd Ave W,Seattle,WA 98119,USA
2014-06-27 00:00:00,1.0,1.5,1170,1456,2.0,0,0,3,1070,100,2007,0,3003 SW Cycle Ct,Seattle,WA 98126,USA
2014-05-27 00:00:00,5.0,1.5,1900,10226,1.0,0,0,3,1130,770,1961,2004,8605 NE 137th St,Kirkland,WA 98034,USA
2014-07-01 00:00:00,2.0,1.0,820,4320,1.0,0,0,3,820,0,1937,1999,9852 20th Ave SW,Seattle,WA 98106,USA
2014-07-03 00:00:00,5.0,3.0,2190,4900,2.0,0,0,5,1490,700,1940,0,8314 Jones Ave NW,Seattle,WA 98117,USA
2014-06-30 00:00:00,3.0,1.0,1010,8800,1.0,0,0,4,1010,0,1954,1979,5968 44th Ave S,Seattle,WA 98118,USA
2014-06-26 00:00:00,2.0,1.75,1950,10766,1.0,0,3,4,1160,790,1952,0,3533 SW 171st St,Burien,WA 98166,USA
2014-05-16 00:00:00,3.0,2.0,2220,6641,1.0,0,2,4,1220,1000,1947,1988,2559 24th Ave W,Seattle,WA 98199,USA
2014-06-11 00:00:00,6.0,5.0,3440,4500,2.0,0,0,3,3280,160,2007,0,321 Hardie Ave NW,Renton,WA 98057,USA
2014-07-09 00:00:00,4.0,1.75,2150,9000,1.0,0,0,4,1110,1040,1966,0,17010 NE 88th St,Redmond,WA 98052,USA
2014-05-26 00:00:00,3.0,1.5,1690,9144,1.0,0,0,4,1140,550,1956,0,6601 NE 153rd Pl,Kenmore,WA 98028,USA
2014-05-09 00:00:00,3.0,2.25,998,904,2.0,0,0,3,798,200,2007,0,820 NW 95th St,Seattle,WA 98117,USA
2014-06-20 00:00:00,4.0,2.75,3730,8014,2.0,0,0,3,3730,0,2012,1912,625 212th Ave SE,Sammamish,WA 98074,USA
2014-06-19 00:00:00,3.0,2.5,2160,3000,1.5,0,0,3,1260,900,1909,2011,3508 S Genesee St,Seattle,WA 98118,USA
